<?xml version="1.0" encoding="UTF-8"?>
<beans xmlns:xsi="http://www.w3.org/2001/XMLSchema-instance"
	xmlns="http://www.springframework.org/schema/beans"
	xmlns:context="http://www.springframework.org/schema/context"
	xmlns:mybatis="http://mybatis.org/schema/mybatis-spring"
	xsi:schemaLocation="http://www.springframework.org/schema/beans https://www.springframework.org/schema/beans/spring-beans.xsd
		http://www.springframework.org/schema/context https://www.springframework.org/schema/context/spring-context.xsd
		http://mybatis.org/schema/mybatis-spring http://mybatis.org/schema/mybatis-spring-1.2.xsd">
	
	<bean id="reservationService" class="com.endb.service.ReservationServiceImpl">
		<property name="reservationDao" ref="reservationDaoImpl" />
		<property name="reservationMapper" ref="reservationMapper" />
	</bean>
	<bean id="reservationDaoImpl" class="com.endb.dao.ReservationDaoImpl">
		<property name="sqlSessionTemplate" ref="sqlSessionTemplate" />
	</bean>
	<!-- <bean id="reservationMapper" class="org.mybatis.spring.mapper.MapperFactoryBean">
		<property name="sqlSessionTemplate" ref="sqlSessionTemplate" />
		<property name="mapperInterface" value="com.endb.mapper.ReservationMapper" />
	</bean> -->
</beans>